Date,0.0,0.001,0.002,0.003,0.005,0.01,0.02,0.03,0.05,0.1
1980-02-01 00:00:00,0.07605693,0.0754743,0.07548519,0.075471595,0.07350873,0.07622547,0.08068498,0.080226034,0.08009882,0.15600404
1980-03-01 00:00:00,0.048498224,0.048445642,0.048471425,0.048466906,0.04844491,0.055002287,0.05201532,0.051199917,0.04935259,0.03378843
1980-04-01 00:00:00,0.030272264,0.030168796,0.028477803,0.028371407,0.028352056,0.031928696,0.0345317,0.034494996,0.032780867,0.06972442
1980-05-01 00:00:00,0.0066520474,0.006639039,0.00607803,0.006072187,0.009625084,0.009610963,-0.020087542,-0.016316155,-0.020071127,-0.02132065
1980-06-01 00:00:00,-0.016066436,-0.015772857,-0.016729422,-0.019639332,-0.01754893,-0.018591596,-0.017980244,-0.019291483,-0.016409554,-0.008799133
1980-07-01 00:00:00,-0.033042565,-0.03307459,-0.033128455,-0.030866537,-0.030800115,-0.030353505,-0.02863836,-0.016709667,-0.01663305,-0.01663305
1980-08-01 00:00:00,-0.051709462,-0.051705327,-0.051705327,-0.05170151,-0.052155312,-0.05214284,-0.047223,-0.049619887,-0.051383823,-0.027654368
1980-09-01 00:00:00,-0.03582194,-0.035817362,-0.035735626,-0.03505325,-0.0365587,-0.03658586,-0.033166792,-0.058694895,-0.012115036,-0.010528931
1980-11-01 00:00:00,-0.05152148,-0.05150301,-0.05137551,-0.052494302,-0.05249159,-0.05514322,-0.05137489,-0.05381017,-0.08241379,-0.08186609
1980-12-01 00:00:00,-0.058886707,-0.059221514,-0.058470733,-0.058382187,-0.060533084,-0.061528567,-0.064640336,-0.06251475,-0.0642033,-0.05875617
1981-01-01 00:00:00,-0.070398495,-0.07036027,-0.07061984,-0.07114303,-0.071479395,-0.06850899,-0.06851445,-0.056001164,-0.034274332,-0.041306272
1981-01-01 00:00:00,-0.14133364,-0.14115277,-0.1396081,-0.14049171,-0.1409323,-0.14142355,-0.14231881,-0.1395154,-0.13913575,-0.14618619
1981-02-01 00:00:00,-0.010552607,-0.010565699,-0.010207407,-0.009900199,-0.009942984,-0.010030892,-0.00737088,-0.007385492,0.03248908,0.03236435
1981-03-01 00:00:00,-0.043853994,-0.043837685,-0.04383824,-0.044868942,-0.044951588,-0.04503812,-0.045731466,-0.026708813,-0.02694433,-0.0281482
1981-04-01 00:00:00,-0.017597035,-0.017640576,-0.017504018,-0.01759278,-0.015498831,-0.016487768,-0.01959472,0.002084883,-0.012166443,-0.010020669
1981-05-01 00:00:00,0.00013470523,0.00028098232,0.0003520986,0.00031648428,0.00041681103,-0.0017513927,0.0029972196,0.013288857,0.011589257,0.01270431
1981-06-01 00:00:00,-0.008784306,-0.008495551,-0.008554822,-0.008542042,-0.008281049,-0.016287114,-0.016528057,-0.016527835,-0.035267998,-0.02856062
1981-07-01 00:00:00,-0.008421284,-0.0074838535,-0.007584826,-0.0064963726,-0.0058270753,-0.0056108455,-0.008333288,-0.030623032,-0.0277765,-0.032253638
1981-08-01 00:00:00,0.042097755,0.042191416,0.04217339,0.04149631,0.039390013,0.046619013,0.044652756,0.0437439,0.10244859,0.12210232
1981-09-01 00:00:00,0.018818298,0.018954447,0.01832218,0.019235577,0.018348237,0.014365261,0.012727725,0.011075946,0.023854354,0.040848836
1981-11-01 00:00:00,0.008579373,0.008576981,0.008194222,0.008686293,0.009280607,0.008571869,0.008664648,0.027205631,0.027205087,0.027227711
1981-12-01 00:00:00,-0.064041704,-0.063743256,-0.063743256,-0.06289683,-0.062492672,-0.067984596,-0.06799944,-0.06843849,-0.07073737,-0.073834434
1982-01-01 00:00:00,-0.057508755,-0.056869496,-0.0569499,-0.057979863,-0.057742324,-0.056764968,-0.05849713,-0.059003875,-0.030790288,-0.057633232
1982-01-01 00:00:00,-0.23489891,-0.23489748,-0.23481363,-0.23571911,-0.23580685,-0.23557606,-0.23635162,-0.23618288,-0.23770042,-0.23360528
1982-02-01 00:00:00,-0.014119149,-0.014092684,-0.014015506,-0.01264757,-0.010225041,-0.010233541,-0.012501329,-0.012252798,-0.026612751,-0.09818804
1982-03-01 00:00:00,-0.028713588,-0.028438427,-0.029627694,-0.029807447,-0.030361395,-0.030113295,-0.03041933,-0.023253694,-0.02511817,-0.02548372
1982-04-01 00:00:00,-0.0011392356,-0.0011250479,-0.0011923215,-0.0024546415,-0.0016130635,0.0035219996,0.006730838,0.01553673,0.022642365,0.068454854
1982-05-01 00:00:00,0.049219087,0.049250107,0.049567442,0.04956832,0.046256255,0.046039984,0.052375946,0.06864577,0.0506528,-0.016940683
1982-06-01 00:00:00,-0.035432957,-0.035442967,-0.03283981,-0.03138934,-0.032243352,-0.032109972,-0.032259084,-0.03216799,-0.032168526,-0.062981345
1982-07-01 00:00:00,-0.07056299,-0.07061805,-0.07063354,-0.07100796,-0.067048945,-0.066787526,-0.066952184,-0.06670413,-0.0645363,-0.07329135
1982-08-01 00:00:00,-0.10108369,-0.100771174,-0.10063803,-0.10208086,-0.10016365,-0.10016462,-0.098722205,-0.09935586,-0.09933827,-0.09260942
1982-09-01 00:00:00,-0.0768328,-0.0769459,-0.07695267,-0.07690508,-0.076899596,-0.07693251,-0.07693477,-0.06836434,-0.06836353,-0.07134192
1982-11-01 00:00:00,-0.061303936,-0.061303135,-0.062707946,-0.06272691,-0.062364943,-0.05959566,-0.06047981,-0.061931033,-0.06308495,-0.06308591
1982-12-01 00:00:00,-0.040947415,-0.040981982,-0.041290518,-0.04230142,-0.038991623,-0.039446265,-0.043164697,-0.043022353,-0.03471853,-0.034270767
1983-01-01 00:00:00,-0.04901652,-0.049090438,-0.0490619,-0.048608046,-0.0482069,-0.04788115,-0.038885113,-0.03798973,-0.036007542,-0.036673624
1983-01-01 00:00:00,-0.08297049,-0.08330825,-0.08336322,-0.0827721,-0.08304379,-0.08231109,-0.08261523,-0.08590086,-0.08888117,-0.10380049
1983-02-01 00:00:00,-0.00968216,-0.009613491,-0.009854535,-0.009757539,-0.010178137,-0.0101907775,-0.0024379021,-0.0021273314,-0.0021273314,-3.925052e-05
1983-03-01 00:00:00,-0.055046804,-0.05505666,-0.05501304,-0.05501885,-0.056974623,-0.05171614,-0.053159814,-0.056732807,-0.056917682,-0.07636411
1983-04-01 00:00:00,-0.08526347,-0.0851618,-0.0850899,-0.085090324,-0.08508885,-0.084972814,-0.08188346,-0.08156394,-0.0777797,-0.07784669
1983-05-01 00:00:00,-0.09346413,-0.093969256,-0.09396123,-0.0944894,-0.09233867,-0.09154672,-0.09157173,-0.09154095,-0.09099531,-0.082745805
1983-06-01 00:00:00,-0.06688048,-0.06681017,-0.06681031,-0.06784473,-0.06803017,-0.068022445,-0.064989194,-0.07809781,-0.07161056,-0.06877217
1983-07-01 00:00:00,-0.047399733,-0.047133274,-0.04740582,-0.047297936,-0.04753197,-0.047612146,-0.047612417,-0.05456014,-0.07495672,-0.0751543
1983-08-01 00:00:00,-0.07214234,-0.072414875,-0.07244363,-0.07170806,-0.07170688,-0.071711935,-0.07182786,-0.07198992,-0.07086564,-0.080078945
1983-09-01 00:00:00,0.017355606,0.017403774,0.017407028,0.017489785,0.017474579,0.017875634,0.017875776,0.0019604347,-0.0037636303,-0.00248011
1983-11-01 00:00:00,0.07701416,0.07695264,0.07630393,0.076308325,0.07609261,0.076748185,0.0850736,0.08327629,0.0995959,0.10354315
1983-12-01 00:00:00,-0.043135013,-0.04318601,-0.043132678,-0.04153692,-0.041554518,-0.04142906,-0.041492056,-0.04181957,-0.03426768,-0.034351874
1984-01-01 00:00:00,-0.073528334,-0.07356159,-0.07356479,-0.0735899,-0.07503981,-0.07487958,-0.07189243,-0.0741346,-0.07462325,-0.07328565
1984-01-01 00:00:00,-0.11689037,-0.1169257,-0.11697307,-0.1169721,-0.117161274,-0.11717217,-0.12026675,-0.12512326,-0.12366197,-0.12345944
1984-02-01 00:00:00,-0.081014395,-0.08100619,-0.081005886,-0.080550715,-0.08169431,-0.08031416,-0.079289176,-0.079523034,-0.06762932,-0.04416634
1984-03-01 00:00:00,-0.061319247,-0.061219558,-0.06121925,-0.06122066,-0.061219435,-0.060549773,-0.06090158,-0.051459525,-0.051504523,-0.0415553
1984-04-01 00:00:00,-0.071590535,-0.07177486,-0.0717908,-0.07180589,-0.07108796,-0.071135744,-0.07386404,-0.073865235,-0.08886357,-0.09580926
1984-05-01 00:00:00,-0.089629605,-0.08968046,-0.08950165,-0.08947565,-0.08926614,-0.08927494,-0.089574344,-0.089391366,-0.08655191,-0.07290301
1984-06-01 00:00:00,-0.073234275,-0.07312539,-0.073093586,-0.073111,-0.07310369,-0.073092945,-0.073110186,-0.072989814,-0.071463935,-0.08052935
1984-07-01 00:00:00,-0.05444458,-0.05444458,-0.054444466,-0.054505143,-0.05445896,-0.054500643,-0.054649476,-0.052985996,-0.05422969,-0.05683364
1984-08-01 00:00:00,-0.08357515,-0.083571844,-0.08356948,-0.083604746,-0.08394363,-0.084244885,-0.084484376,-0.07930941,-0.06894656,-0.07721341
1984-09-01 00:00:00,-0.03269545,-0.03273386,-0.032742705,-0.03323094,-0.033204943,-0.033329844,-0.033232115,-0.033230063,-0.028335854,-0.031329576
1984-11-01 00:00:00,-0.016859127,-0.01686606,-0.016799698,-0.015938232,-0.01594072,-0.015542664,-0.007703488,-0.011201971,-0.011233138,-0.016482402
1984-12-01 00:00:00,-0.06549292,-0.065481216,-0.06551729,-0.06553446,-0.065888315,-0.064719476,-0.07239447,-0.07239087,-0.07210793,-0.07224661
1985-01-01 00:00:00,-0.08399817,-0.083917126,-0.08388732,-0.08410563,-0.08377728,-0.08335001,-0.081818484,-0.08160071,-0.081599616,-0.08189548
1985-01-01 00:00:00,-0.016779393,-0.016802568,-0.016805945,-0.016258739,-0.01641525,-0.016354345,-0.019865012,-0.020462058,-0.020479877,-0.020518072
1985-02-01 00:00:00,-0.06929972,-0.06948336,-0.069981955,-0.069999576,-0.07006116,-0.07006072,-0.07035937,-0.06752754,-0.06878978,-0.068803325
1985-03-01 00:00:00,-0.032731943,-0.033207282,-0.033195224,-0.03318897,-0.03251799,-0.03227321,-0.040716358,-0.040720113,-0.04132512,-0.019590687
1985-04-01 00:00:00,-0.059256848,-0.059173245,-0.059163857,-0.058088273,-0.0578294,-0.057845414,-0.057638668,-0.052677553,-0.05273465,-0.052753977
1985-05-01 00:00:00,-0.066694885,-0.06663577,-0.06663828,-0.06634296,-0.066332705,-0.06794806,-0.06814644,-0.06193366,-0.0663158,-0.069664076
1985-06-01 00:00:00,-0.0316547,-0.031586535,-0.03211544,-0.031708356,-0.031707793,-0.032091707,-0.032113753,-0.03152422,-0.031443343,-0.031173376
1985-07-01 00:00:00,-0.054737806,-0.05482404,-0.05482141,-0.054750204,-0.054716304,-0.054764688,-0.054559745,-0.049676657,-0.04967413,-0.049485646
1985-08-01 00:00:00,-0.056600995,-0.056684487,-0.056585167,-0.057472717,-0.057464752,-0.05885021,-0.06102936,-0.061623972,-0.06552354,-0.07372007
1985-09-01 00:00:00,-0.061148517,-0.061099272,-0.061179686,-0.06084061,-0.05943311,-0.06209399,-0.06100349,-0.061003707,-0.06100349,-0.060940936
1985-11-01 00:00:00,-0.041086424,-0.041084003,-0.04128534,-0.04135326,-0.041387495,-0.041510787,-0.039341193,-0.039305527,-0.042441085,-0.042906288
1985-12-01 00:00:00,0.025084909,0.02511265,0.025116293,0.025201276,0.025329396,0.025227135,0.029351788,0.030140491,0.03400185,0.034194853
1986-01-01 00:00:00,0.05214247,0.052141618,0.051455855,0.051200673,0.051201645,0.051243242,0.050232723,0.05343907,0.053572502,0.05357092
1986-01-01 00:00:00,0.31154746,0.31151304,0.31153932,0.3115384,0.31167415,0.30864245,0.30862972,0.30862987,0.3086079,0.32304624
1986-02-01 00:00:00,0.0020803893,0.002060813,0.0020158058,0.0021088084,0.0026615786,0.0028037962,0.0070396475,0.02143271,0.015692355,0.011710751
1986-03-01 00:00:00,0.018594583,0.018596336,0.018988777,0.017753022,0.0155546395,0.0151536185,0.0152635975,0.01790133,0.017745005,0.017162545
1986-04-01 00:00:00,0.1158429,0.1158429,0.117352754,0.11730382,0.11778206,0.11773996,0.11875864,0.11493267,0.11361892,0.11283254
1986-05-01 00:00:00,0.09722984,0.09722831,0.09722845,0.0979016,0.09790146,0.09407545,0.09484771,0.09514026,0.09517048,0.09509952
1986-06-01 00:00:00,0.015397359,0.015240801,0.015153866,0.015154192,0.014351747,0.012591664,0.012415779,0.014210154,0.013843809,0.012364568
1986-07-01 00:00:00,0.03687102,0.036871154,0.037152845,0.037079513,0.036859658,0.037388008,0.036064725,0.04348476,0.06562153,0.06660323
1986-08-01 00:00:00,0.056532774,0.056074213,0.05585066,0.05586444,0.055537093,0.05587335,0.055635262,0.055933885,0.057511248,0.058361184
1986-09-01 00:00:00,0.070673324,0.070797056,0.070836924,0.07083847,0.07083783,0.07073197,0.07093768,0.07087315,0.086197704,0.029491032
1986-11-01 00:00:00,0.20082764,0.20046504,0.20047797,0.20074603,0.20000039,0.19811319,0.19828817,0.20758758,0.2367472,0.2365353
1986-12-01 00:00:00,0.07794293,0.077939935,0.07819736,0.078030296,0.077666506,0.07766161,0.07296308,0.0725361,0.057019528,0.056584146
1987-01-01 00:00:00,0.04481041,0.044806607,0.044629205,0.043978978,0.04324145,0.04324482,0.035772674,0.03561085,0.03550819,0.035507973
1987-01-01 00:00:00,0.42545304,0.42576575,0.42570665,0.4256941,0.426714,0.42668292,0.43187654,0.43190852,0.44097632,0.43641952
1987-02-01 00:00:00,0.0008879223,0.00092426577,0.0009010724,0.00087672303,0.0002999962,0.00030122453,0.005362432,0.00087795133,-0.014152928,-0.03500476
1987-03-01 00:00:00,0.0341299,0.034118626,0.034108482,0.03220108,0.032200556,0.03273739,0.0327304,0.03224474,0.03171602,0.04144142
1987-04-01 00:00:00,-0.011565721,-0.011587059,-0.011573146,-0.011234979,-0.012078414,-0.013273784,-0.018568462,-0.019941602,-0.019939726,-0.0044121714
1987-05-01 00:00:00,0.03570603,0.036040835,0.03604249,0.037409097,0.036557075,0.036559105,0.04390124,0.039379727,0.065202445,0.077049315
1987-06-01 00:00:00,0.06667065,0.06629835,0.06626766,0.064411886,0.06524724,0.06531691,0.06441266,0.05112681,0.042691115,0.01802642
1987-07-01 00:00:00,0.13012497,0.13057145,0.12979394,0.12981705,0.13011557,0.13391332,0.14274992,0.1524034,0.13464181,0.116672575
1987-08-01 00:00:00,0.25244704,0.25243777,0.2529762,0.253697,0.2538867,0.25388762,0.25831968,0.24910676,0.24914442,0.24570733
1987-09-01 00:00:00,0.21004468,0.21009368,0.20869806,0.2085853,0.20849928,0.20622203,0.1991894,0.19870506,0.19882444,0.25390148
1987-11-01 00:00:00,0.24022715,0.24022715,0.2395833,0.23957573,0.23982033,0.23869184,0.23884727,0.23869058,0.2387064,0.22908036
1987-12-01 00:00:00,0.14956133,0.14953732,0.14977655,0.1508858,0.15093568,0.15109149,0.14843917,0.1415399,0.14279719,0.14261107
1988-01-01 00:00:00,0.13593996,0.13594455,0.1358621,0.13530675,0.13471527,0.13486521,0.13479763,0.1330498,0.12338458,0.12576076
1988-01-01 00:00:00,-0.0121093085,-0.0121093085,-0.01211867,-0.011637145,-0.012906328,-0.0165123,-0.016681978,-0.010752387,-0.010741534,-0.0035019969
1988-02-01 00:00:00,0.12742436,0.1274304,0.12662794,0.124870256,0.12717244,0.12916155,0.124933,0.11957534,0.12872528,0.1275354
1988-03-01 00:00:00,0.2036498,0.20364645,0.20361541,0.20358823,0.2070514,0.20703624,0.19647652,0.20887828,0.18690051,0.18586552
1988-04-01 00:00:00,0.17257664,0.17253909,0.17250852,0.17254637,0.17192444,0.17414841,0.17313956,0.17455143,0.17346899,0.19345805
1988-05-01 00:00:00,0.09026448,0.09027293,0.089112945,0.091046736,0.091115035,0.09342473,0.09396173,0.096243955,0.08380371,0.075129904
1988-06-01 00:00:00,0.023010675,0.022925401,0.022778383,0.022635926,0.025465462,0.025890006,0.025474308,0.025044292,0.040086206,-0.02006139
1988-07-01 00:00:00,-0.03063372,-0.030695127,-0.030693484,-0.030589262,-0.028513448,-0.028906297,-0.024168167,-0.024165226,-0.026006473,-0.025832623
1988-08-01 00:00:00,-0.024489164,-0.024410214,-0.024952179,-0.02495442,-0.024783505,-0.025562923,-0.02166402,-0.02328388,-0.023507716,-0.027535906
1988-09-01 00:00:00,-0.0059695295,-0.005969009,-0.006005197,-0.006005197,-0.0055790995,-0.0033717237,-0.0033714634,-0.014166655,-0.02605,-0.02607161
1988-11-01 00:00:00,-0.022194399,-0.0224437,-0.022070423,-0.02233874,-0.022499729,-0.02231736,-0.022248399,-0.022307726,-0.021995801,-0.02201338
1988-12-01 00:00:00,-0.042848963,-0.042696342,-0.04275242,-0.04275814,-0.042582385,-0.042735662,-0.04267787,-0.039909333,-0.038704053,-0.040164303
1989-01-01 00:00:00,-0.056815512,-0.05718498,-0.057189107,-0.056945227,-0.05421576,-0.05421576,-0.05486187,-0.044865407,-0.046340972,-0.058534164
1989-01-01 00:00:00,-0.03774406,-0.037739135,-0.037237175,-0.037237093,-0.037252672,-0.037111983,-0.03866269,-0.035958704,-0.043005463,-0.046427377
1989-02-01 00:00:00,-0.06443072,-0.06421901,-0.06420418,-0.06423126,-0.063864365,-0.061382398,-0.055501338,-0.040066205,-0.041094683,-0.041364815
1989-03-01 00:00:00,-0.050253324,-0.05030779,-0.05030817,-0.050356805,-0.048760384,-0.048771143,-0.051875956,-0.054352447,-0.05360139,-0.050681576
1989-04-01 00:00:00,-0.01051631,-0.010619852,-0.010592628,-0.010440378,-0.0110885445,-0.011141906,-0.009455992,-0.011169749,-0.010975308,-0.009546349
1989-05-01 00:00:00,-0.004685706,-0.0046739,-0.0049093273,-0.005104089,-0.005062112,-0.004795433,-0.0041423175,-0.0008207933,0.009312922,0.010356025
1989-06-01 00:00:00,0.037566222,0.03758417,0.037733894,0.037722807,0.03774163,0.03783863,0.037822913,0.040891502,0.04080623,0.040049393
1989-07-01 00:00:00,0.0150835,0.0151095195,0.015025696,0.014981291,0.015143329,0.013773951,0.013761252,0.013966916,0.01320152,0.035793778
1989-08-01 00:00:00,0.04128884,0.0411236,0.040842913,0.041348036,0.043654397,0.043454736,0.039895847,0.03993417,0.032432765,-0.0002974971
1989-09-01 00:00:00,0.057640247,0.057582527,0.05724795,0.057302676,0.057073176,0.054495003,0.05000603,0.052506406,0.054536045,0.05475243
1989-11-01 00:00:00,0.02931507,0.028950227,0.028869687,0.027640477,0.028208923,0.028447382,0.036089007,0.04798228,0.036782492,0.043747306
1989-12-01 00:00:00,-0.010430051,-0.010511001,-0.010546877,-0.011124166,-0.010800444,-0.010626382,-0.0090669785,-0.013463347,-0.023856154,-0.025245449
1990-01-01 00:00:00,-0.03335948,-0.033360958,-0.03325104,-0.033794716,-0.03375493,-0.033853773,-0.03565274,-0.035935987,-0.04066048,-0.041166876
1990-01-01 00:00:00,0.028805988,0.028992334,0.028995056,0.029197648,0.029317372,0.030756285,0.037657313,0.035384156,0.033704706,-0.0043926225
1990-02-01 00:00:00,-0.0033485068,-0.0032873095,-0.0033193724,-0.0033192222,-0.0041385903,-0.007131327,-0.0071311016,-0.0063151876,-0.0026804423,-0.009311903
1990-03-01 00:00:00,-0.0072476785,-0.007346597,-0.0074970573,-0.0074970573,-0.007288064,-0.00618806,0.0009058854,0.0064089536,0.0027392993,0.018965432
1990-04-01 00:00:00,0.011044838,0.011080432,0.011075992,0.016056024,0.01687094,0.018363362,0.012495117,0.012330463,0.021797616,0.021822901
1990-05-01 00:00:00,0.04878262,0.04909063,0.049017478,0.049056582,0.054772776,0.0586234,0.059328128,0.05925785,0.061725993,0.11261254
1990-06-01 00:00:00,0.0338697,0.033859182,0.03317274,0.03336162,0.03448883,0.034598045,0.027968472,0.028728593,0.025437828,0.025018549
1990-07-01 00:00:00,0.012884001,0.012817624,0.013451593,0.013365573,0.013353984,0.013357069,0.013354059,0.010694461,-0.0011941853,-0.0011959915
1990-08-01 00:00:00,0.0028507924,0.0028759292,0.0028608323,0.0027898096,0.003955918,0.0034873923,0.0013355211,-0.009246687,0.020110384,-0.028678453
1990-09-01 00:00:00,0.010260301,0.010260301,0.009868441,0.009889858,0.009759562,0.011019319,0.01491598,0.014607776,0.013392793,0.042723417
1990-11-01 00:00:00,0.024668042,0.024646316,0.024681319,0.024702365,0.024047958,0.024642393,0.034496453,0.033942755,0.034039766,0.045332015
1990-12-01 00:00:00,0.010359155,0.009977841,0.010816986,0.010606605,0.010511592,0.008822383,0.009290836,0.012171681,-0.0022536407,-0.0022409377
1991-01-01 00:00:00,-0.0107565345,-0.010707933,-0.010583386,-0.009718078,-0.009266601,-0.009217783,-0.009381066,-0.00827029,-0.011535666,-0.010567717
1991-01-01 00:00:00,-0.05548845,-0.05543075,-0.05543013,-0.055271834,-0.05528106,-0.05487262,-0.051056664,-0.051159464,0.001760596,0.0011811898
1991-02-01 00:00:00,0.0026071663,0.0026542007,0.0026552107,0.002566913,0.0020209667,0.00547836,0.008947368,0.009040788,0.009057235,0.019819975
1991-03-01 00:00:00,0.012341143,0.012662246,0.012661594,0.012593681,0.013794831,0.013493421,0.014307003,0.013195341,0.012614822,0.05482202
1991-04-01 00:00:00,0.0076724896,0.0076651615,0.007919336,0.009105002,0.009196887,0.014255293,0.014119154,0.016059583,0.015217892,0.03393366
1991-05-01 00:00:00,0.012600038,0.0126018375,0.012458879,0.012537269,0.012526759,0.014619387,0.015216704,0.014943672,0.008144124,0.022259844
1991-06-01 00:00:00,0.029282313,0.029055431,0.029144228,0.029144228,0.02913897,0.029190743,0.029792449,0.023804823,0.024178406,0.024159128
1991-07-01 00:00:00,0.06112374,0.06113014,0.061129916,0.06089116,0.060625587,0.0604974,0.060547784,0.050915863,0.0476531,0.043652907
1991-08-01 00:00:00,0.052890796,0.052735377,0.05273951,0.05254533,0.05251649,0.053261496,0.048450653,0.055678822,0.06302012,0.050097432
1991-09-01 00:00:00,0.027664822,0.02766556,0.027904907,0.027927529,0.028090902,0.029458748,0.026899692,0.03077855,0.026241265,0.024085222
1991-11-01 00:00:00,-0.0029518222,-0.0028519025,-0.0028515442,-0.0029251052,-0.0028689497,-0.002335543,-0.0037127163,-0.0067706895,-0.009624239,-0.010349105
1991-12-01 00:00:00,-0.05748168,-0.057622354,-0.05687944,-0.056841366,-0.056856688,-0.057249613,-0.057244483,-0.04458177,-0.06662375,-0.06662327
1992-01-01 00:00:00,-0.06321077,-0.06319334,-0.063326225,-0.06335685,-0.06397029,-0.06495793,-0.062483266,-0.06527632,-0.073208384,-0.073862925
1992-01-01 00:00:00,-0.09428662,-0.09428031,-0.09485647,-0.094838284,-0.094848074,-0.09487654,-0.09538452,-0.09891968,-0.0949129,-0.09942015
1992-02-01 00:00:00,-0.031920914,-0.031893015,-0.030948471,-0.030944042,-0.030992372,-0.033804774,-0.03432108,-0.034524456,-0.03459196,-0.035976905
1992-03-01 00:00:00,-0.029832674,-0.02979179,-0.02953796,-0.029633163,-0.030039655,-0.029796835,-0.025249887,-0.02488926,-0.024889588,-0.024457019
1992-04-01 00:00:00,0.014187711,0.014386714,0.014396288,0.014586668,0.015534703,0.015535585,0.016878163,0.009385282,0.010436653,0.012885395
1992-05-01 00:00:00,-0.017187351,-0.017333249,-0.017374635,-0.017409714,-0.018404001,-0.018342648,-0.018340347,-0.016543388,-0.016523289,-0.01400472
1992-06-01 00:00:00,-0.038164865,-0.038025443,-0.0380474,-0.038410746,-0.0380104,-0.038065836,-0.03905473,-0.03837573,-0.04750378,-0.048426356
1992-07-01 00:00:00,-0.031004108,-0.030984715,-0.031641897,-0.030404087,-0.030237023,-0.0320826,-0.032661114,-0.025336547,-0.026150808,-0.04943663
1992-08-01 00:00:00,-0.028720919,-0.02875004,-0.02875074,-0.028978406,-0.028978406,-0.02907322,-0.03089251,-0.032500383,-0.032510705,-0.032500762
1992-09-01 00:00:00,0.019951528,0.019969348,0.019228235,0.019214272,0.019818744,0.019818744,0.019519534,0.02643377,0.02626322,-0.0025853168
1992-11-01 00:00:00,-0.007012117,-0.0069832243,-0.0069814106,-0.006992683,-0.0068355217,-0.006913843,-0.01701411,-0.026938302,-0.026264312,-0.025175653
1992-12-01 00:00:00,0.025598744,0.025598744,0.025600616,0.025601283,0.026069697,0.026066422,0.027321674,0.027328823,0.026225502,0.011501363
1993-01-01 00:00:00,0.011204592,0.011163244,0.011330553,0.011340924,0.011305982,0.010591036,0.007156994,0.0058959303,0.0041557252,0.004274949
1993-01-01 00:00:00,0.5896031,0.5891787,0.58921474,0.5907851,0.59046793,0.59062153,0.59063214,0.58801377,0.62220985,0.6166846
1993-02-01 00:00:00,0.03342231,0.033400875,0.034103286,0.034103286,0.03409367,0.034560286,0.02948031,0.029479813,0.026870353,0.023448952
1993-03-01 00:00:00,0.04019275,0.04059527,0.040566705,0.040566195,0.04056496,0.040984705,0.04423386,0.042818863,0.043838464,0.043513425
1993-04-01 00:00:00,0.071560234,0.07156778,0.07157117,0.07186246,0.073094524,0.071280256,0.07187204,0.07598767,0.07403002,0.080598
1993-05-01 00:00:00,0.027036976,0.026715843,0.026408348,0.026405212,0.026365763,0.02653559,0.026416661,0.032361683,0.06712507,0.06800184
1993-06-01 00:00:00,0.008677965,0.008670999,0.008969538,0.009290987,0.009110082,0.009103834,0.009138665,0.005221099,0.009341832,0.028271683
1993-07-01 00:00:00,0.067016356,0.06701507,0.06723105,0.067245394,0.06720016,0.067833476,0.06797691,0.06342191,0.063859805,0.08510004
1993-08-01 00:00:00,0.13790853,0.13807668,0.13778467,0.13783301,0.13782911,0.13735652,0.12968653,0.1296465,0.12648816,0.13652407
1993-09-01 00:00:00,0.09547336,0.0954697,0.094749555,0.09488182,0.09631304,0.09653524,0.101019226,0.103311196,0.091194965,0.09087343
1993-11-01 00:00:00,0.13790856,0.13790882,0.13818203,0.13681902,0.13620359,0.13611795,0.1310199,0.11660106,0.11751857,0.03783092
1993-12-01 00:00:00,0.4976739,0.49726486,0.4965939,0.49732384,0.4973496,0.49690866,0.49666348,0.50264025,0.5083229,0.55111766
1994-01-01 00:00:00,0.4220901,0.4221339,0.42211473,0.42229068,0.4197256,0.42052492,0.42023563,0.42027253,0.41832614,0.43596977
1994-01-01 00:00:00,0.14328112,0.14330815,0.14334394,0.14298686,0.142988,0.14210139,0.14463113,0.14477468,0.1424903,0.14222111
1994-02-01 00:00:00,0.34114474,0.3412548,0.34122655,0.3419461,0.341792,0.3401607,0.34016228,0.34017023,0.34820256,0.32099536
1994-03-01 00:00:00,0.3937341,0.39370126,0.39382544,0.39381647,0.3913165,0.38999465,0.3903439,0.3823521,0.38014302,0.4318611
1994-04-01 00:00:00,0.41997153,0.41937974,0.41938093,0.41913196,0.42020178,0.42122653,0.41762173,0.4236239,0.42380568,0.42739832
1994-05-01 00:00:00,0.20959342,0.20972593,0.20844083,0.20850082,0.20866619,0.20875274,0.19258738,0.1925882,0.1905637,0.19055165
1994-06-01 00:00:00,0.102770194,0.10192487,0.10183182,0.1014806,0.10077286,0.098291,0.09957476,0.09961213,0.099775724,0.097755454
1994-07-01 00:00:00,0.06491857,0.06513915,0.065016836,0.06800174,0.06201275,0.06092132,0.0746151,0.07514684,0.10012576,0.10756057
1994-08-01 00:00:00,0.043763973,0.043761082,0.04479078,0.044831563,0.042948265,0.048157122,0.045435317,0.046014447,0.040675204,0.04388633
1994-09-01 00:00:00,-0.032677025,-0.03288435,-0.03274534,-0.031557687,-0.03153084,-0.03255114,-0.03106936,-0.028550075,-0.005182652,-0.040633418
1994-11-01 00:00:00,-0.05501696,-0.055395048,-0.05537533,-0.055822376,-0.05561655,-0.055310793,-0.0615304,-0.05448287,-0.062254157,-0.062274933
1994-12-01 00:00:00,-0.075840496,-0.075840674,-0.07624929,-0.07560326,-0.07365898,-0.07251074,-0.07208919,-0.07205737,-0.0714131,-0.07144214
1995-01-01 00:00:00,-0.07561287,-0.07561124,-0.07558075,-0.0755461,-0.07426297,-0.075384706,-0.064871736,-0.07763867,-0.08089831,-0.124345675
1995-01-01 00:00:00,-0.09122374,-0.09118397,-0.09115627,-0.09271297,-0.09276811,-0.09291791,-0.09290914,-0.0929114,-0.10391959,-0.12359396
1995-02-01 00:00:00,-0.035552308,-0.03551364,-0.035513103,-0.035007212,-0.032814816,-0.029896284,-0.024295166,-0.025325516,0.0005299325,0.027595872
1995-03-01 00:00:00,0.01426933,0.014272014,0.014362455,0.014333203,0.014060674,0.014432532,0.016764298,0.019650009,0.022378903,0.03843494
1995-04-01 00:00:00,-0.027637951,-0.02710656,-0.027113238,-0.027907118,-0.026239656,-0.02163702,-0.023129433,-0.034221593,-0.04144111,-0.06788508
1995-05-01 00:00:00,-0.050505046,-0.05074331,-0.05006748,-0.049967874,-0.049124844,-0.050998684,-0.05438207,-0.052202456,-0.04657221,-0.042678837
1995-06-01 00:00:00,0.028549649,0.028471345,0.028414153,0.02842146,0.029342154,0.03319056,0.03450376,0.024166472,0.02406282,0.012090634
1995-07-01 00:00:00,0.074304365,0.07436314,0.07436033,0.07436127,0.07465898,0.07262308,0.08004782,0.11104952,0.12662183,0.12402099
1995-08-01 00:00:00,0.07626324,0.076361954,0.07645231,0.07638628,0.07641924,0.07091176,0.06597333,0.06916615,0.095647655,0.08892051
1995-09-01 00:00:00,0.0656627,0.065521374,0.065490834,0.06523491,0.0652648,0.06526667,0.06529842,0.06059717,0.07675823,0.075905085
1995-11-01 00:00:00,0.029091679,0.029121926,0.029168563,0.02915833,0.029201709,0.029181242,0.021385843,0.013796827,0.0014573641,0.003086428
1995-12-01 00:00:00,-0.034556635,-0.034269422,-0.034184102,-0.034100648,-0.03424073,-0.036606077,-0.03599277,-0.030824509,-0.02970173,-0.021127433
1996-01-01 00:00:00,-0.055920962,-0.055923674,-0.055903636,-0.056026,-0.055439558,-0.05590027,-0.05526718,-0.06620157,-0.08316668,-0.082110904
1996-01-01 00:00:00,0.019988842,0.018994566,0.01882356,0.019711744,0.019642817,0.019260323,0.02043843,0.019626677,0.03649693,0.034911636
1996-02-01 00:00:00,-0.059173662,-0.05981223,-0.0610551,-0.061361007,-0.061969947,-0.06193736,-0.066157185,-0.07849271,-0.07625544,-0.07626415
1996-03-01 00:00:00,-0.06663221,-0.066436306,-0.068114124,-0.06769769,-0.06771031,-0.06711441,-0.06714886,-0.07226422,-0.06909124,-0.09063929
1996-04-01 00:00:00,-0.026417878,-0.026778867,-0.026651366,-0.026371498,-0.027011478,-0.029320622,-0.029624475,-0.02516246,-0.024323337,-0.02383094
1996-05-01 00:00:00,-0.026079802,-0.026118224,-0.026118224,-0.02637532,-0.026398892,-0.028200526,-0.028344082,-0.028101679,-0.027823133,-0.028825192
1996-06-01 00:00:00,-0.013783738,-0.01378311,-0.0136552425,-0.013977583,-0.016717238,-0.018527184,-0.018529931,-0.018557029,-0.01982047,-0.02037624
1996-07-01 00:00:00,0.03501383,0.035151843,0.03516726,0.03516677,0.035172887,0.035173133,0.022092652,0.01809433,0.026730062,0.017341208
1996-08-01 00:00:00,0.00935896,0.009308918,0.0088997,0.010264077,0.009832574,0.009254673,0.009853749,0.0103529,0.005300484,0.010418883
1996-09-01 00:00:00,0.13672252,0.13671851,0.137239,0.13721347,0.13658942,0.12879874,0.12562431,0.12062975,0.11332256,0.10811594
1996-11-01 00:00:00,0.13700078,0.13700114,0.1377884,0.13733804,0.13755077,0.13931851,0.14736333,0.14736289,0.15690301,0.16418341
1996-12-01 00:00:00,0.06931036,0.06958675,0.06954316,0.06953329,0.070604876,0.074028164,0.064016424,0.06402217,0.06283019,0.035691027
1997-01-01 00:00:00,0.04379334,0.04422809,0.043527626,0.043531593,0.04353877,0.049565867,0.03837071,0.0376211,0.03764964,0.028277928
1997-01-01 00:00:00,-0.07770836,-0.0776425,-0.0771098,-0.07711414,-0.07691462,-0.07680962,-0.0572539,-0.053288184,-0.05330188,-0.05330278
1997-02-01 00:00:00,0.015119079,0.015119079,0.014347028,0.014224852,0.013987391,0.014472041,0.014472284,0.014102757,0.015299951,0.01300958
1997-03-01 00:00:00,-0.012860154,-0.012851618,-0.01164018,-0.011522489,-0.011572525,-0.011904534,-0.007283041,-0.00051030616,0.011227753,0.016099583
1997-04-01 00:00:00,-0.023073763,-0.02354669,-0.023554986,-0.023617202,-0.024069315,-0.021441443,-0.009940625,-0.0082612205,0.011746845,0.036700796
1997-05-01 00:00:00,-0.007773691,-0.008432899,-0.008442316,-0.0068112435,-0.006664487,-0.01081659,0.0025349262,0.0003454682,-0.0036198893,0.012676715
1997-06-01 00:00:00,0.03324673,0.033247206,0.032613788,0.03198292,0.030314531,0.03033908,0.03746465,0.037596483,0.03749964,0.040648077
1997-07-01 00:00:00,0.048138652,0.048311584,0.04831279,0.048270125,0.048099935,0.04136417,0.038481772,0.039394822,0.03583425,0.03628795
1997-08-01 00:00:00,0.017407771,0.017410671,0.017473215,0.018044114,0.017662732,0.017450094,0.0029605352,0.01466097,-0.0049887756,-0.013540414
1997-09-01 00:00:00,-0.0068059647,-0.0072704675,-0.007274209,-0.007274209,-0.007238167,-0.0071623405,-0.0060633556,-0.0030697817,-0.0038353754,-0.00778743
1997-11-01 00:00:00,-0.024246225,-0.024262708,-0.023855215,-0.024961425,-0.024943452,-0.024942705,-0.027219858,-0.02650988,-0.026560817,-0.026518457
1997-12-01 00:00:00,0.014216706,0.014259098,0.014360087,0.014359089,0.014340965,0.015130905,0.015079604,0.014744921,0.026477914,0.016590828
1998-01-01 00:00:00,-0.0036258812,-0.003629035,-0.0028607394,-0.0029714294,-0.0016614742,-0.003772166,-0.0038886382,-0.00017872582,-0.004183085,0.0769896
1998-01-01 00:00:00,-0.15686049,-0.15671958,-0.15672159,-0.15640154,-0.15641159,-0.15480657,-0.14879814,-0.14637597,-0.13112703,-0.13111371
1998-02-01 00:00:00,-0.0034928438,-0.0034883574,-0.0038127496,-0.0038113748,-0.003873026,-0.0040577627,0.002151858,0.002092233,0.0017119059,0.039808434
1998-03-01 00:00:00,-0.005510222,-0.0051420834,-0.00468632,-0.0047217417,-0.00254569,-0.0024578508,-0.011531267,-0.010956457,-0.010958314,-0.016824963
1998-04-01 00:00:00,-0.020543907,-0.020543976,-0.020536855,-0.02052645,-0.018597195,-0.018513966,-0.019798625,-0.017921805,-0.017903373,-0.02014194
1998-05-01 00:00:00,-0.026239913,-0.026272418,-0.025971675,-0.026295006,-0.027009916,-0.025999567,-0.025998877,-0.029236738,-0.02802729,-0.024635857
1998-06-01 00:00:00,-0.05762006,-0.057594553,-0.057594553,-0.057070065,-0.05702751,-0.0557308,-0.055423394,-0.05586964,-0.056495097,-0.08465043
1998-07-01 00:00:00,-0.030416222,-0.030300874,-0.030843796,-0.031161187,-0.030471515,-0.030588472,-0.027595801,-0.0277188,-0.03619952,-0.03526607
1998-08-01 00:00:00,-0.049901955,-0.04994897,-0.048850454,-0.04858626,-0.048583135,-0.047630165,-0.042266004,-0.0436825,-0.04843759,-0.04096164
1998-09-01 00:00:00,-0.038427286,-0.038526237,-0.038614247,-0.03864773,-0.039132986,-0.03810984,-0.038047954,-0.040324725,-0.04879386,-0.03518795
1998-11-01 00:00:00,-0.03758095,-0.03758095,-0.037620846,-0.03715415,-0.03809458,-0.03808593,-0.03810911,-0.037914913,-0.03800381,-0.039809726
1998-12-01 00:00:00,-0.08548802,-0.08548814,-0.08558674,-0.08644174,-0.08610254,-0.08634922,-0.08636898,-0.096772805,-0.08181708,-0.07820189
1999-01-01 00:00:00,-0.08332637,-0.08335198,-0.083361685,-0.08340619,-0.084231175,-0.08476011,-0.0846837,-0.085680805,-0.08567457,-0.08567907
1999-01-01 00:00:00,-0.11416529,-0.11416421,-0.114178516,-0.11457949,-0.11436358,-0.11149188,-0.111669995,-0.1136605,-0.114542544,-0.12002237
1999-02-01 00:00:00,-0.052643314,-0.052642416,-0.052642718,-0.052672036,-0.05318417,-0.0523075,-0.056472365,-0.06729358,-0.06641756,-0.0668107
1999-03-01 00:00:00,-0.035674013,-0.03568922,-0.03616304,-0.03617458,-0.03634282,-0.03639313,-0.03800429,-0.020248037,-0.009103947,0.003193471
1999-04-01 00:00:00,-0.047578886,-0.04746333,-0.047393847,-0.047380872,-0.046560567,-0.046553135,-0.048198167,-0.04867046,-0.051696684,-0.050987627
1999-05-01 00:00:00,-0.03839896,-0.03818961,-0.03818813,-0.03819576,-0.037957598,-0.040244862,-0.040255334,-0.039855085,-0.04589142,-0.052770663
1999-06-01 00:00:00,-0.043349367,-0.042877067,-0.042873908,-0.04287332,-0.042864595,-0.042896863,-0.042793326,-0.03383504,-0.032694265,-0.026642138
1999-07-01 00:00:00,-0.06503921,-0.0650334,-0.065057315,-0.06593076,-0.06652741,-0.06689105,-0.067495614,-0.074668795,-0.07442673,-0.067785114
1999-08-01 00:00:00,-0.07029517,-0.070294775,-0.07032556,-0.07032112,-0.07020238,-0.07080509,-0.070805594,-0.07091979,-0.07110015,-0.07107729
1999-09-01 00:00:00,-0.057983715,-0.057940565,-0.057768237,-0.057814043,-0.05778663,-0.05658498,-0.0456597,-0.045736186,-0.046771944,-0.04724035
1999-11-01 00:00:00,-0.06585606,-0.065718405,-0.06622571,-0.0666839,-0.0666809,-0.06674468,-0.066160604,-0.06615294,-0.06689156,-0.06692211
1999-12-01 00:00:00,-0.08983201,-0.08983652,-0.08985952,-0.08996397,-0.08929622,-0.08929418,-0.08932158,-0.09189275,-0.09141187,-0.09061893
2000-01-01 00:00:00,-0.08963106,-0.08962893,-0.08899947,-0.08900064,-0.08765803,-0.086831205,-0.08686864,-0.086874805,-0.087468,-0.08510447
2000-01-01 00:00:00,-0.05455155,-0.054563135,-0.054174088,-0.054279547,-0.05429539,-0.054252114,-0.05294433,-0.055876385,-0.05625669,-0.057818998
2000-02-01 00:00:00,-0.068086445,-0.06809288,-0.06808988,-0.067952015,-0.06864896,-0.06923784,-0.06833881,-0.0676008,-0.06733922,-0.07072426
2000-03-01 00:00:00,-0.0833026,-0.082972445,-0.08281524,-0.08282551,-0.08353921,-0.0834788,-0.08601035,-0.08573264,-0.086494684,-0.08462638
2000-04-01 00:00:00,-0.0700159,-0.069999315,-0.06999805,-0.069453605,-0.06937915,-0.06862221,-0.068615235,-0.06787382,-0.05322147,-0.021963002
2000-05-01 00:00:00,-0.06986019,-0.069880046,-0.069923446,-0.06992334,-0.07021903,-0.072471805,-0.072469704,-0.0720931,-0.07239951,-0.07844046
2000-06-01 00:00:00,-0.0683934,-0.06839277,-0.06839141,-0.06832405,-0.0683406,-0.067929626,-0.06791381,-0.064263776,-0.06879002,-0.06853566
2000-07-01 00:00:00,-0.055778727,-0.055774815,-0.056173,-0.056168452,-0.0564961,-0.05642746,-0.056467332,-0.056290712,-0.05761652,-0.07185025
2000-08-01 00:00:00,-0.051743973,-0.051744718,-0.051706333,-0.051759772,-0.049023524,-0.04877574,-0.049276296,-0.048506748,-0.04855902,-0.047328785
2000-09-01 00:00:00,-0.027232729,-0.027238816,-0.027220447,-0.027267728,-0.02790587,-0.026889473,-0.02477092,-0.024773855,-0.02478168,-0.022085201
2000-11-01 00:00:00,0.015894981,0.015685264,0.015987314,0.0160735,0.016067581,0.016006215,0.020380778,0.020104572,0.016212516,0.017397268
2000-12-01 00:00:00,-0.06159256,-0.06159808,-0.061990857,-0.06198258,-0.0622237,-0.06222359,-0.06750489,-0.06741012,-0.06741989,-0.07823517
2001-01-01 00:00:00,-0.051950514,-0.05193616,-0.052342184,-0.05296226,-0.053331967,-0.053355105,-0.060511336,-0.06346515,-0.053670287,-0.05305771
2001-01-01 00:00:00,-0.070549384,-0.07070606,-0.06985088,-0.069690414,-0.06977238,-0.069040395,-0.070132755,-0.07067836,-0.07079422,-0.045040667
2001-02-01 00:00:00,0.021293195,0.021360403,0.021512741,0.02150895,0.02152492,0.02320259,0.0235685,0.023340108,0.020189377,0.021144649
2001-03-01 00:00:00,0.021116098,0.021161854,0.021160465,0.02151828,0.0215016,0.021466155,0.021606896,0.020552209,0.020901455,0.021120964
2001-04-01 00:00:00,-0.043576263,-0.04357648,-0.04357637,-0.043667536,-0.04366622,-0.043556318,-0.053090014,-0.052989315,-0.05185776,-0.047923226
2001-05-01 00:00:00,-0.065075815,-0.065080635,-0.06507528,-0.06497264,-0.06493692,-0.06510713,-0.06383708,-0.061150264,-0.061149944,-0.06115209
2001-06-01 00:00:00,-0.05370124,-0.05370016,-0.053673,-0.053680357,-0.053947948,-0.053750366,-0.053744413,-0.052026022,-0.047081627,-0.049686972
2001-07-01 00:00:00,-0.05669818,-0.05669829,-0.056611452,-0.057077702,-0.05711784,-0.056411847,-0.056134764,-0.056124542,-0.056129277,-0.056651372
2001-08-01 00:00:00,-0.08424709,-0.084290326,-0.08443982,-0.08443951,-0.0844318,-0.08443451,-0.08443451,-0.081383176,-0.081405476,-0.06667337
2001-09-01 00:00:00,-0.08665492,-0.086619,-0.086620025,-0.08692132,-0.086997904,-0.0870939,-0.09429325,-0.09429016,-0.09416382,-0.11306155
2001-11-01 00:00:00,-0.072124965,-0.07221262,-0.07179403,-0.07209228,-0.072445184,-0.072212204,-0.06697771,-0.06484687,-0.06485677,-0.056597736
2001-12-01 00:00:00,-0.07107181,-0.07112657,-0.07113726,-0.070712745,-0.07071326,-0.06714186,-0.06726103,-0.06725398,-0.05686658,-0.055277213
2002-01-01 00:00:00,-0.10095243,-0.10095253,-0.100962825,-0.10096363,-0.10133656,-0.10146813,-0.101136394,-0.1011365,-0.10045823,-0.100458525
2002-01-01 00:00:00,-0.18646091,-0.18647671,-0.18650524,-0.18607563,-0.18602796,-0.18837103,-0.18833774,-0.18819638,-0.18792005,-0.18792678
2002-02-01 00:00:00,-0.07943743,-0.079469405,-0.07947596,-0.080046065,-0.08029224,-0.08029214,-0.077675864,-0.077034555,-0.077030584,-0.08133782
2002-03-01 00:00:00,-0.09328899,-0.09317994,-0.09314434,-0.0928104,-0.09227646,-0.09258268,-0.09237967,-0.09207539,-0.09544254,-0.10176129
2002-04-01 00:00:00,-0.10220131,-0.10220131,-0.10220113,-0.10192962,-0.10092518,-0.1009406,-0.10006831,-0.09773769,-0.09773769,-0.09965986
2002-05-01 00:00:00,-0.091694616,-0.09179114,-0.09179017,-0.09179017,-0.091780625,-0.09236024,-0.093899,-0.09425567,-0.09473394,-0.114733234
2002-06-01 00:00:00,-0.10145763,-0.10147503,-0.10147531,-0.10148311,-0.1014833,-0.1014833,-0.10118368,-0.09691635,-0.09625248,-0.09586968
2002-07-01 00:00:00,-0.11101866,-0.11102371,-0.11102371,-0.11139318,-0.11242818,-0.11201312,-0.11120451,-0.11167117,-0.115216345,-0.10139118
2002-08-01 00:00:00,-0.11398782,-0.11399478,-0.114037834,-0.114287466,-0.11442843,-0.11442676,-0.11674584,-0.11674565,-0.116818964,-0.1152589
2002-09-01 00:00:00,-0.10696967,-0.106954515,-0.10692373,-0.106901415,-0.10667059,-0.10644089,-0.10644423,-0.1074076,-0.107401185,-0.12907358
2002-11-01 00:00:00,-0.1116219,-0.11162144,-0.111622915,-0.11162816,-0.1114524,-0.1110435,-0.11104322,-0.11103383,-0.123820096,-0.13580155
2002-12-01 00:00:00,-0.14284728,-0.14283931,-0.14257696,-0.14260352,-0.1425252,-0.14256148,-0.14154631,-0.14198191,-0.14198315,-0.13886055
2003-01-01 00:00:00,-0.15861906,-0.15861914,-0.15861699,-0.15861054,-0.15825002,-0.15850258,-0.15850103,-0.158273,-0.15826853,-0.16007715
2003-01-01 00:00:00,-0.1650748,-0.16507362,-0.16505672,-0.16501288,-0.16499844,-0.16549772,-0.1655636,-0.1669746,-0.16630091,-0.17247443
2003-02-01 00:00:00,-0.17328362,-0.17326833,-0.1731636,-0.17317128,-0.17319658,-0.1732013,-0.17285262,-0.17233409,-0.17086323,-0.16931647
2003-03-01 00:00:00,-0.13314058,-0.13315462,-0.1329611,-0.13253103,-0.13253412,-0.1325354,-0.13162717,-0.13482259,-0.13482533,-0.13476977
2003-04-01 00:00:00,-0.12638454,-0.12647612,-0.12647612,-0.12643747,-0.12698837,-0.1269826,-0.12697016,-0.12762448,-0.12714884,-0.124246754
2003-05-01 00:00:00,-0.10462974,-0.10462456,-0.104591794,-0.104589514,-0.10459118,-0.1045,-0.104500175,-0.10398744,-0.10696344,-0.10747126
2003-06-01 00:00:00,-0.11824243,-0.118242346,-0.11821392,-0.118229516,-0.118529394,-0.117872976,-0.116707176,-0.116640195,-0.112841874,-0.12071778
2003-07-01 00:00:00,-0.13382207,-0.13382138,-0.1338453,-0.133839,-0.1335914,-0.13360238,-0.13349003,-0.13533911,-0.13489956,-0.13069163
2003-08-01 00:00:00,-0.14393649,-0.14392348,-0.14392357,-0.14379683,-0.1437527,-0.14387816,-0.14388806,-0.1439558,-0.1434409,-0.14933786
2003-09-01 00:00:00,-0.15935409,-0.15911832,-0.15912202,-0.15922931,-0.15923876,-0.15955709,-0.1595341,-0.15849078,-0.1478096,-0.14777553
2003-11-01 00:00:00,-0.16583486,-0.16572995,-0.16565719,-0.16566545,-0.16566658,-0.1661682,-0.16696267,-0.16696274,-0.16746663,-0.1676528
2003-12-01 00:00:00,-0.106414236,-0.106414065,-0.10651886,-0.106517136,-0.10651696,-0.10703644,-0.10775405,-0.108228415,-0.09894716,-0.09861091
2004-01-01 00:00:00,-0.057480406,-0.057600494,-0.05759175,-0.057467934,-0.0569559,-0.05687387,-0.056873687,-0.05685165,-0.056154255,-0.06486183
2004-01-01 00:00:00,-0.17580326,-0.1758129,-0.17582223,-0.1757891,-0.1753853,-0.17571625,-0.17540613,-0.17537613,-0.17591864,-0.17590858
2004-02-01 00:00:00,-0.07277225,-0.072514385,-0.07252867,-0.07331994,-0.072901405,-0.07313205,-0.073144,-0.07248304,-0.07440456,-0.07732636
2004-03-01 00:00:00,-0.12487241,-0.12487292,-0.124904506,-0.12459027,-0.12451455,-0.12451472,-0.12322234,-0.12306655,-0.124115795,-0.12481555
2004-04-01 00:00:00,-0.13561341,-0.13559645,-0.13559765,-0.13559604,-0.1355865,-0.13509512,-0.13530168,-0.13077615,-0.13090435,-0.13184126
2004-05-01 00:00:00,-0.15940015,-0.15940022,-0.15883012,-0.15846618,-0.15843564,-0.15852833,-0.15849656,-0.15571667,-0.15592113,-0.15522754
2004-06-01 00:00:00,-0.13824277,-0.13825646,-0.13795006,-0.13780576,-0.13780618,-0.13776562,-0.13771462,-0.13972655,-0.14409813,-0.14035644
2004-07-01 00:00:00,-0.14661159,-0.14658998,-0.14673461,-0.14695261,-0.14723124,-0.14723124,-0.14683883,-0.14672817,-0.15001085,-0.15186755
2004-08-01 00:00:00,-0.17279625,-0.17304745,-0.17298603,-0.17291042,-0.17283241,-0.17349066,-0.1734897,-0.17270319,-0.17514378,-0.17119293
2004-09-01 00:00:00,-0.13870285,-0.13851808,-0.1385765,-0.13857624,-0.1385806,-0.1385806,-0.13867073,-0.13870475,-0.13870475,-0.138748
2004-11-01 00:00:00,-0.16130388,-0.16127408,-0.16118428,-0.16117963,-0.16089143,-0.16089134,-0.16089271,-0.16096656,-0.16170536,-0.16203049
2004-12-01 00:00:00,-0.18963994,-0.18968542,-0.18968542,-0.1896818,-0.18968241,-0.18948303,-0.18914485,-0.18677714,-0.19217551,-0.19257297
2005-01-01 00:00:00,-0.20195107,-0.20195295,-0.20196965,-0.20211266,-0.20212658,-0.2019671,-0.2019662,-0.20075527,-0.20079824,-0.20083715
2005-01-01 00:00:00,-0.24096563,-0.24096967,-0.24105485,-0.24106279,-0.24106279,-0.24115923,-0.24115165,-0.24147953,-0.2419349,-0.24193482
2005-02-01 00:00:00,-0.20320335,-0.2032032,-0.20320335,-0.20352541,-0.20337035,-0.20338571,-0.20368026,-0.20228979,-0.20254457,-0.20176412
2005-03-01 00:00:00,-0.19423047,-0.1942312,-0.19420007,-0.19427115,-0.19425271,-0.19454058,-0.19455218,-0.19465373,-0.19471984,-0.19715644
2005-04-01 00:00:00,-0.0013581576,-0.0013725531,-0.0012982215,-0.0012981311,-0.001083647,-0.0011338049,-0.0011437641,-0.00043032618,-0.0015121624,-0.0015385089
2005-05-01 00:00:00,-0.06744465,-0.067633875,-0.06764804,-0.06764079,-0.067655034,-0.06891535,-0.0688979,-0.06914957,-0.07070698,-0.067439646
2005-06-01 00:00:00,-0.13030544,-0.13030396,-0.13011163,-0.13029522,-0.13060528,-0.1303748,-0.12884867,-0.12884867,-0.12636401,-0.12826875
2005-07-01 00:00:00,-0.181338,-0.18134804,-0.18134712,-0.18119802,-0.18112972,-0.18113057,-0.17974967,-0.18059027,-0.18053982,-0.19172621
2005-08-01 00:00:00,-0.19973055,-0.19972123,-0.19972123,-0.19972664,-0.19972311,-0.20031245,-0.2038177,-0.20425358,-0.20357879,-0.2036105
2005-09-01 00:00:00,-0.23425844,-0.23428917,-0.23428938,-0.23428924,-0.23436667,-0.23478347,-0.2405107,-0.24036197,-0.24223773,-0.24067904
2005-11-01 00:00:00,-0.21625441,-0.2161169,-0.2161169,-0.21602581,-0.21608223,-0.21610777,-0.21595818,-0.214529,-0.21411131,-0.21478248
2005-12-01 00:00:00,-0.2494622,-0.24950074,-0.24950005,-0.24949624,-0.24949624,-0.24966474,-0.25164935,-0.25171116,-0.25166923,-0.25165406
